{
  "camera_id": "biscuit",
  "calibration_date": "2025-11-30T13:48:17.378595",
  "image_size": {
    "width": 4096,
    "height": 3072
  },
  "camera_matrix": {
    "fx": 2800.015990853497,
    "fy": 2802.94905445099,
    "cx": 1910.2947643743778,
    "cy": 1401.8211744960533,
    "matrix": [
      [
        2800.015990853497,
        0.0,
        1910.2947643743778
      ],
      [
        0.0,
        2802.94905445099,
        1401.8211744960533
      ],
      [
        0.0,
        0.0,
        1.0
      ]
    ]
  },
  "distortion_coefficients": {
    "k1": -0.4150460343853868,
    "k2": 0.16322085697861471,
    "p1": 0.002185321486342584,
    "p2": 0.020120475381192122,
    "k3": 0.0,
    "array": [
      -0.4150460343853868,
      0.16322085697861471,
      0.002185321486342584,
      0.020120475381192122,
      0.0
    ]
  },
  "field_of_view": {
    "horizontal_deg": 72.36529631502188,
    "vertical_deg": 57.444976944115695
  },
  "rms_reprojection_error": 0.6914116152461016,
  "checkerboard": {
    "inner_corners": [
      5,
      7
    ],
    "square_size_mm": 152.4
  }
}